,gain
% Silica Feed (-45mins),5.8607096672058105
% Iron Feed (-45mins),5.5062103271484375
% Silica Feed (-30mins),5.273159980773926
Flotation Column 05 Level (-30mins),4.967924118041992
% Iron Feed (-15mins),4.84987735748291
% Silica Feed (-15mins),4.732314109802246
Ore Pulp pH (-45mins),4.126347541809082
% Iron Feed (-30mins),3.6450562477111816
Flotation Column 05 Level (-15mins),3.3523316383361816
cos_dia_de_la_semana,3.1867685317993164
Ore Pulp pH (-30mins),3.0491440296173096
sin_dia_de_la_semana,3.043390989303589
Flotation Column 05 Level (-45mins),2.9816644191741943
Amina Flow (-15mins),2.9668502807617188
Flotation Column 02 Level (-15mins),2.8293395042419434
Ore Pulp Flow (-45mins),2.703176259994507
Flotation Column 03 Level (-30mins),2.6484012603759766
cos_hora,2.584599018096924
Ore Pulp pH (-15mins),2.5710341930389404
Flotation Column 02 Level (-30mins),2.5249288082122803
Flotation Column 05 Level,2.5229461193084717
Amina Flow (-30mins),2.493621349334717
Flotation Column 02 Level,2.385474443435669
Flotation Column 01 Level (-15mins),2.3723669052124023
Flotation Column 03 Level (-45mins),2.3442695140838623
Flotation Column 02 Level (-45mins),2.3292880058288574
Flotation Column 07 Level (-15mins),2.3250815868377686
Flotation Column 05 Air Flow (-15mins),2.308746576309204
Flotation Column 04 Air Flow (-15mins),2.28109073638916
Flotation Column 04 Air Flow (-45mins),2.2749183177948
Flotation Column 04 Air Flow (-30mins),2.2705671787261963
Flotation Column 04 Air Flow,2.270045042037964
Flotation Column 03 Level (-15mins),2.249581813812256
Flotation Column 06 Air Flow (-15mins),2.2038745880126953
% Silica Feed,2.162680149078369
Amina Flow (-45mins),2.160266637802124
Flotation Column 04 Level (-15mins),2.1090447902679443
Flotation Column 01 Level (-30mins),2.101862668991089
Flotation Column 07 Level (-30mins),2.1000325679779053
Ore Pulp pH,2.0954346656799316
Flotation Column 07 Level (-45mins),2.076672315597534
Flotation Column 03 Air Flow (-45mins),2.0646579265594482
Flotation Column 06 Air Flow (-45mins),2.0492684841156006
Flotation Column 01 Level (-45mins),2.031845808029175
Amina Flow,2.016329526901245
Flotation Column 07 Level,1.9890680313110352
Flotation Column 06 Level (-30mins),1.9794533252716064
Ore Pulp Flow (-15mins),1.9680324792861938
Flotation Column 05 Air Flow (-45mins),1.9618239402770996
sin_hora,1.9549685716629028
Flotation Column 07 Air Flow (-15mins),1.9473263025283813
Flotation Column 03 Level,1.9296016693115234
Flotation Column 04 Level (-30mins),1.9062809944152832
Flotation Column 05 Air Flow,1.8723788261413574
Flotation Column 03 Air Flow (-15mins),1.849777102470398
Flotation Column 03 Air Flow (-30mins),1.8363229036331177
Flotation Column 01 Air Flow (-30mins),1.7994784116744995
Ore Pulp Density (-30mins),1.7597967386245728
Flotation Column 06 Level (-15mins),1.7556586265563965
Flotation Column 02 Air Flow (-45mins),1.7456250190734863
Flotation Column 07 Air Flow (-45mins),1.7455772161483765
Flotation Column 07 Air Flow,1.730366587638855
Ore Pulp Density (-15mins),1.7283014059066772
Flotation Column 01 Level,1.7212761640548706
Flotation Column 04 Level,1.683125376701355
Flotation Column 05 Air Flow (-30mins),1.6829404830932617
Ore Pulp Flow (-30mins),1.6684672832489014
Flotation Column 01 Air Flow (-45mins),1.6644362211227417
Flotation Column 06 Level,1.651645541191101
Flotation Column 06 Level (-45mins),1.6416436433792114
% Iron Feed,1.632706642150879
Flotation Column 03 Air Flow,1.6309678554534912
Flotation Column 07 Air Flow (-30mins),1.6192735433578491
Flotation Column 06 Air Flow (-30mins),1.6188024282455444
Flotation Column 04 Level (-45mins),1.598389983177185
Starch Flow (-15mins),1.594386339187622
Flotation Column 01 Air Flow (-15mins),1.5794011354446411
Ore Pulp Flow,1.5691956281661987
Flotation Column 06 Air Flow,1.5479143857955933
Starch Flow (-45mins),1.54623281955719
Ore Pulp Density (-45mins),1.5392868518829346
Starch Flow (-30mins),1.4832931756973267
Flotation Column 02 Air Flow (-15mins),1.482947587966919
Ore Pulp Density,1.4596351385116577
Flotation Column 02 Air Flow (-30mins),1.372406005859375
Flotation Column 02 Air Flow,1.3339638710021973
Flotation Column 01 Air Flow,1.2600167989730835
Starch Flow,1.19156014919281
